{"cameraMode":{"drawMode":0,"name":"Shaded","section":"Shading Mode"},"sceneLighting":false,"audioPlay":false,"sceneViewState":{"showFog":true,"showMaterialUpdate":false,"showSkybox":true,"showFlares":true,"showImageEffects":true,"showParticleSystems":true},"in2DMode":false,"pivot":{"x":-55.80535125732422,"y":-5.336437702178955,"z":120.49381256103516},"rotation":{"x":-0.0675484836101532,"y":0.07833544909954071,"z":-0.005319162271916866,"w":-0.994621753692627},"size":220.92669677734376,"orthographic":false}